{"cameraMode":{"drawMode":0,"name":"Shaded","section":"Shading Mode"},"sceneLighting":true,"audioPlay":false,"sceneViewState":{"m_AlwaysRefresh":false,"showFog":true,"showSkybox":true,"showFlares":true,"showImageEffects":true,"showParticleSystems":true,"showVisualEffectGraphs":true,"m_FxEnabled":true},"in2DMode":false,"pivot":{"x":0.2469601035118103,"y":3.808384418487549,"z":-28.705204010009767},"rotation":{"x":0.41801103949546816,"y":0.051736604422330859,"z":-0.023851046338677408,"w":0.9066612720489502},"size":11.156767845153809,"orthographic":false}